What is the projected Money in United States Dollar for global beauty and personal care products market by 2025 ?,Money
What is the expected market size (in United States Dollar) of global cast acrylic sheets market by 2022 ?,Money
What is the expected market size (in United States Dollar) of global cast acrylic sheets market by 2023 ?,Money
What is the expected Money in United States Dollar for global beauty and personal care products market by 2025 ?,Money
What is the expected Money in United States Dollar for Frac Sand market by 2023 ?,Money
What is the expected Money in United States Dollar for Frac Sand market by 2022 ?,Money
What is the expected Money in United States Dollar for global Linear Low-Density Polyethylene market by 2023 ?,Money
What is the expected Money in United States Dollar for global Air Purifiers market by 2023 ?,Money
What is the expected Money in United States Dollar for global 5G market by 2023 ?,Money
What is the forcasted Money in United States Dollar for global Aluminium market by 2025 ?,Money
What is the forcasted Money in United States Dollar for global Artificial Intelligence market by 2025 ?,Money
What is the forcasted Money in United States Dollar for global Augmented Reality market by 2021 ?,Money
What is the forcasted Money in United States Dollar for global Automotive Aftermarket  market by 2021 ?,Money
What is the forcasted Money in United States Dollar for global Big Data  market by 2022 ?,Money
What is the forcasted Money in United States Dollar for global Big Data  market by 2025 ?,Money
What is the forcasted Money in United States Dollar for global Biopolymers  market by 2023 ?,Money
What is the forcasted Money in United States Dollar for global Blockchain  market by 2023 ?,Money
What is the expected market size (in United States Dollar) of global chatbot market by 2024 ?,Money
How many metric tons of Acetic Acid was consumed in India in FY 2016-2017 ?,Money
How many metric tons of Polyvinyl Chloride (PVC) was produced in India in FY 2014-2015 ?,Money
How many metric tons of Polyvinyl Chloride (PVC) was produced in India in FY 2015-2016 ?,Money
How many metric tons of Polyvinyl Chloride (PVC) was produced in India in FY 2016-2017 ?,Money
How many metric tons of Butadiene was produced in India in FY 2014-2015 ?,Money
How many metric tons of Ethyl Acetate was produced in India in FY 2014-2015 ?,Money
How many metric tons of Ethyl Acetate was produced in India in FY 2015-2016 ?,Money
How many metric tons of Ethyl Acetate was produced in India in FY 2016-2017 ?,Money
How many metric tons of Ethyl Acetate was consumed in India in FY 2014-2015 ?,Money
How many metric tons of Ethyl Acetate was consumed in India in FY 2015-2016 ?,Money
How many metric tons of Ethyl Acetate was consumed in India in FY 2014-2015 ?,Money
How many metric tons of Carbon Black was produced in India in FY 2015-2016 ?,Money
How many metric tons of Carbon Black was consumed in India in FY 2014-2015 ?,Money
How many metric tons of Carbon Black was consumed in India in FY 2015-2016 ?,Money
How many metric tons of Chemical was produced in India in FY 2014-2015 ?,Money
How many metric tons of Chemical was produced in India in FY 2015-2016 ?,Money
How many metric tons of Chemical was produced in India in FY 2016-2017 ?,Money
How many metric tons of Crude Steel was produced in India in FY 2014-2015 ?,Money
How many metric tons of Crude Steel was produced in India in FY 2016-2017 ?,Money
How many metric tons of Crude Steel was consumed in India in FY 2015-2016 ?,Money
How many metric tons of Ethylene was produced in India in FY 2015-2023 ?,Money
How many metric tons of Ethylene Vinyl Acetate was produced in India in FY 2015-2016 ?,Money
How many metric tons of Ethylene Vinyl Acetate was produced in India in FY 2017-2018 ?,Money
How many metric tons of Ethylene Vinyl Acetate was consumed in India in FY 2014-2015 ?,Money
How many metric tons of Ethylene Vinyl Acetate was consumed in India in FY 2015-2016 ?,Money
How many metric tons of Ethylene Vinyl Acetate was consumed in India in FY 2016-2017 ?,Money
How many metric tons of High Density Polyethylene was produced in India in FY 2014-2015 ?,Money
How many metric tons of High Density Polyethylene was produced in India in FY 2015-2016 ?,Money
How many metric tons of High Density Polyethylene was produced in India in FY 2016-2017 ?,Money
How many metric tons of High Density Polyethylene was consumed in India in FY 2014-2015 ?,Money
How many metric tons of High Density Polyethylene was consumed in India in FY 2015-2016 ?,Money
How many metric tons of High Density Polyethylene was consumed in India in FY 2016-2017 ?,Money
How many metric tons of Low-Density Polyethylene was produced in India in FY 2014-2015 ?,Money
How many metric tons of Low-Density Polyethylene was produced in India in FY 2015-2016 ?,Money
How many metric tons of Low-Density Polyethylene was produced in India in FY 2016-2017 ?,Money
How many metric tons of Low-Density Polyethylene was consumed in India in FY 2014-2015 ?,Money
How many metric tons of Low-Density Polyethylene was consumed in India in FY 2015-2016 ?,Money
How many metric tons of Low-Density Polyethylene was consumed in India in FY 2016-2017 ?,Money
How many metric tons of Linear Low-Density Polyethylene was produced in India in FY 2014-2015 ?,Money
How many metric tons of Linear Low-Density Polyethylene was produced in India in FY 2015-2016 ?,Money
How many metric tons of Plastics was produced in India in FY 2016-2017 ?,Money
How many metric tons of Polyvinyl Chloride ( PVC ) was produced in India in FY 2014-2015 ?,Money
How many metric tons of Polyvinyl Chloride ( PVC ) was produced in India in FY 2015-2016 ?,Money
How many metric tons of Polyvinyl Chloride ( PVC ) was produced in India in FY 2017-2018 ?,Money
How many metric tons of Polyvinyl Chloride ( PVC ) was consumed in India in FY 2014-2015 ?,Money
How many metric tons of Polyvinyl Chloride ( PVC ) was consumed in India in FY 2015-2016 ?,Money
How many metric tons of Polyvinyl Chloride ( PVC ) was consumed in India in FY 2016-2017 ?,Money
How many metric tons of Polymer was produced in India in FY 2014-2015 ?,Money
How many metric tons of Polymer was produced in India in FY 2015-2016 ?,Money
How many metric tons of Polymer was produced in India in FY 2016-2017 ?,Money
How many metric tons of Polymer was consumed in India in FY 2014-2015 ?,Money
How many metric tons of Polymer was consumed in India in FY 2015-2016 ?,Money
How many metric tons of Polymer was consumed in India in FY 2016-2017 ?,Money
How many metric tons of Polypropylene was produced in India in FY 2014-2015 ?,Money
How many metric tons of Polypropylene was produced in India in FY 2015-2016 ?,Money
How many metric tons of Polypropylene was produced in India in FY 2016-2017 ?,Money
How many metric tons of Polypropylene was consumed in India in FY 2014-2015 ?,Money
How many metric tons of Polypropylene was consumed in India in FY 2015-2016 ?,Money
How many metric tons of Polypropylene was consumed in India in FY 2016-2017 ?,Money
How many metric tons of Polystyrene was produced in India in FY 2014-2015 ?,Money
How many metric tons of Polystyrene was produced in India in FY 2015-2016 ?,Money
How many metric tons of Polystyrene was produced in India in FY 2016-2017 ?,Money
How many metric tons of Polystyrene was consumed in India in FY 2014-2015 ?,Money
How many metric tons of Polystyrene was consumed in India in FY 2015-2016 ?,Money
How many metric tons of Polystyrene was consumed in India in FY 2016-2017 ?,Money
What is the expected Money in United States Dollar for Polyurethanes  market by 2022 ?,Money
What is the expected Money in United States Dollar for Silicones market by 2022 ?,Money
What is the expected Money in United States Dollar for Soda Ash market by 2019 ?,Money
What is the expected Money in United States Dollar for Software Product market by 2025 ?,Money
What is the expected Money in United States Dollar for Software Products and Engineering Services market by 2018 ?,Money
What is the expected Money in United States Dollar for Software-Defined Networking market by 2023 ?,Money
What is the expected Money in United States Dollar for Steel market by 2025 ?,Money
What is the expected Money in United States Dollar for Super Absorbent Polymer market by 2025 ?,Money
What is the expected Money in United States Dollar for Telecommunications Equipment market by 2020 ?,Money
What is the expected Money in United States Dollar for Timeshare market by 2025 ?,Money
What is the projected Money in United States Dollar for Textile market by 2021 ?,Money
What is the projected Money in United States Dollar for Textile  market by 2025 ?,Money
What is the projected Money in United States Dollar for Travel and Tourism  market by 2025 ?,Money
What is the projected Money in United States Dollar for Vinyl Acetate  market by 2021 ?,Money
What is the projected Money in United States Dollar for Monomer  market by 2025 ?,Money
How much Money ( in Indian Rupee ) is expected to be generated through the sale of broadcast rights in India for 2016 ?,Money
How much Money ( in Indian Rupee ) is expected to be generated through the sale of Timeshare in India for 2014 ?,Money
How much Money ( in Indian Rupee ) is expected to be generated through the sale of Timeshare in India for 2015 ?,Money
How much Money ( in Indian Rupee ) is expected to be generated through the sale of broadcast rights in India for 2017 ?,Money
What is the estimated global market size (in United States Dollar) of cast elastomers market by 2024 ?,Money
What is the estimated global market size (in United States Dollar) of cast elastomers market by 2023 ?,Money
What is the expected market size (in United States Dollar) of global chatbot market by 2024 ?,Money
What is the forecasted market size (in United States Dollar) of global chatbot market by 2025 ?,Money
What is the forecasted market size (in United States Dollar) of global chatbot market by 2020 ?,Money
What was the count of cinema screens in India in 2015 ?,Quantity
What was the count of cinema screens in India in 2017 ?,Quantity
What was the count of cinema single screens in India in 2015 ?,Quantity
What was the total capacity ( in Tons ) of cold storage facility in India in 2014 ?,Quantity
What was the total capacity ( in Tons ) of cold storage facility in India in 2015 ?,Quantity
How many tons of total capacity of cold storage facility were in India in 2015 ?,Quantity
How many tons of total capacity of cold storage facility were in India in 2014 ?,Quantity
What is the projected construction equipment global  market size (in United States Dollar) by 2024 ?,Money
What is the projected construction equipment global  market size (in United States Dollar) by 2025 ?,Money
What would be the estimated global market size (in United States Dollar) of elastomers by 2021 ? ,Money
How many metric tons of elastomers was produced worldwide in 2013 ?,Quantity
How many metric tons of elastomers is estimated to be produced worldwide in 2019 ?,Quantity
How much Money ( in Indian Rupee ) is expected to be generated through the sale of broadcast rights in India for 2020 ?,Money
How much Money ( in Indian Rupee ) is expected to be generated through the sale of Timeshare in India for 2017 ?,Money
How much Money ( in Indian Rupee ) is expected to be generated through the sale of Timeshare in India for 2014 ?,Money
How much Money ( in Indian Rupee ) is expected to be generated through the sale of Timeshare in India for 2015 ?,Money
How much Money ( in Indian Rupee ) is expected to be generated through the sale of Timeshare in India for 2016 ?,Money
How much Money ( in Indian Rupee ) is expected to be generated through the Net Sales of Hotels in India for 2016 ?,Money
How much Money ( in United States Dollar ) is expected to be generated through the Net Sales of Hotels in United States for 2015 ?,Money
How much Money ( in United States Dollar ) is expected to be generated through the Net Sales of Hotels in United States for 2016 ?,Money
How much Money ( in Indian Rupee ) is expected to be generated through the sale of Aerogel in India for 2021 ?,Money
How much Money ( in United States Dollar ) is expected to be generated through the sale of Digital Travel in India for 2021 ?,Money
How much Money ( in United States Dollar ) is expected to be generated through the sale of Digital Travel in India for 2016 ?,Money
How much Money ( in United States Dollar ) is expected to be generated through the sale of Plastics in India for 2017 ?,Money
How much Money ( in United States Dollar ) is expected to be generated through the sale of Plasticizers in India for 2022 ?,Money
"In US, how many timeshare resorts were there in 2017 ?",Quantity
How many timeshare resorts were there in the US in 2017 ?,Quantity
How many timeshare units were there in the US in 2017 ?,Quantity
How many timeshare resorts were there in the US in 2014 ?,Quantity
What was the total number of timeshare resorts in the US in 2015 ?,Quantity
"In US, how many timeshare resorts were there in 2016 ?",Quantity
What was the total per day average room rate ( in Indian Rupee ) of a 2 star hotel in India in 2016 ?,Money
What was the total per day average room rate ( in Indian Rupee ) of a 2 star hotel in India in 2015 ?,Money
How many days of average length of stay in 2 star hotel was reported in the India in 2014 ?,Quantity
How many days of average length of stay in 2 star hotel was reported in the India in 2015 ?,Quantity
What was the average length of stay in 2 star hotel was reported in the India in 2016 ?,Quantity
What was the average length of stay in 2 star hotel was reported in the India in 2017 ?,Quantity
How many days of average length of stay in 3 star hotel was reported in the India in 2014 ?,Quantity
How many days of average length of stay in 3 star hotel was reported in the India in 2015 ?,Quantity
How many days of average Length of stay in 3 star hotel was reported in the India in 2016 ?,Quantity
How many days of average stay in 3 star hotel was reported in the India in 2017 ?,Quantity
How many days of average stay in 4 star hotel was reported in the India in 2014 ?,Quantity
How many days of average length of stay in 5 star hotel was reported in the India in 2014 ?,Quantity
How many days of average length of stay in 5 star hotel was reported in the India in 2015 ?,Quantity
What was the total per day average room rate ( in Indian Rupee ) of a 2 star hotel in India in 2015 ? average length of stay in 5 star hotel was reported in the India in 2016 ?,Quantity
What was the average length of stay in 5 star hotel was reported in the India in 2017 ?,Quantity
What was the average length of stay ( in Days ) of a 2 star hotel in India in 2016 ?,Quantity
What was the average length of stay ( in Days ) of a 2 star hotel in India in 2017 ?,Quantity
What was the total per day average room rate ( in Indian Rupee ) of a 2 star hotel in India in 2016 ?,Money
What was the total per day average room rate ( in Indian Rupee ) of a 3 star hotel in India in 2015 ?,Money
What was the total per day average room rate ( in Indian Rupee ) of a 3 star hotel in India in 2016 ?,Money
What was the total per day average room rate ( in Indian Rupee ) of a 5 star hotel in India in 2016 ?,Money
What was the total per day average room rate ( in Indian Rupee ) of a 5 Star Hotel - Deluxe in India in 2017 ?,Money
What was the total per day average room rate ( in Indian Rupee ) of a 5 Star Hotel - Deluxe in India in 2016 ?,Money
What was the total capacity ( in Tons ) of cold storage facility in India in 2016 ?,Quantity
What was the total capacity ( in Million Metric Tons ) of Frac Sand in United States in 2017 ?,Quantity
What was the total capacity ( in Million Metric Tons ) of Frac Sand in United States in 2019 ?,Quantity
What was the total capacity of Timeshare resorts in United States in 2014 ?,Quantity
What was the total capacity of Timeshare resorts in United States in 2015 ?,Quantity
What was the total capacity of Timeshare resorts in United States in 2016 ?,Quantity
What was the total capacity of Timeshare units in United States in 2017 ?,Quantity
What was the total capacity of cold storage facility in India in 2017 ?,Quantity
What was the total capacity of Adventure Tour Operators in India in 2014 ?,Quantity
What was the total capacity of Adventure Tour Operators in India in 2015 ?,Quantity
What was the total capacity of Adventure Tour Operators in India in 2016 ?,Quantity
What was the total capacity of Domestic Tour Operator in India in 2014 ?,Quantity
What was the total capacity of Domestic Tour Operator in India in 2015 ?,Quantity
What was the total capacity of Domestic Tour Operator in India in 2016 ?,Quantity
What was the total capacity of Transport Tour Operators in India in 2015 ?,Quantity
What was the total capacity of Transport Tour Operators in India in 2016 ?,Quantity
What was the total capacity of Travel Agents in India in 2014 ?,Quantity
What was the total capacity of Travel Agents in India in 2015 ?,Quantity
What was the total capacity of Travel Agents in India in 2016 ?,Quantity
How much export ( in Metric Tons ) is expected to be generated through Polyvinyl Chloride in India for 2015 ?,Quantity
How much export ( in Metric Tons ) is expected to be generated through Polyvinyl Chloride in India for 2014 ?,Quantity
How much export ( in Metric Tons ) is expected to be generated through Polyvinyl Chloride in India for 2016 ?,Quantity
How much export ( in Metric Tons ) is expected to be generated through Polyvinyl Chloride in India for 2017 ?,Quantity
How much demand ( in Metric Tons ) is expected to be generated through Asphalt in India for 2019 ?,Quantity
How much Money ( in Units ) is expected to be generated through the sale of Construction Equipment in India for 2014 ?,Quantity
How much Money ( in Units ) is expected to be generated through the sale of Construction Equipment in India for 2015 ?,Quantity
How much Money ( in Units ) is expected to be generated through the sale of Construction Equipment in India for 2016 ?,Quantity
How much Money ( in Units ) is expected to be generated through the sale of Construction Equipment in India for 2017 ?,Quantity
How much Money ( in Units ) is expected to be generated through the sale of Construction Equipment in India for 2020 ?,Quantity
How much Money ( in Units ) is expected to be generated through the sale of Construction Equipment in India for 2022 ?,Quantity
"How much export ( in Metric Tons ) did India do in the Acetic Acid segment till March, 2014 ?",Quantity
"How much export ( in Metric Tons ) did India do in the Acetic Acid segment till March, 2015 ?",Quantity
"How much export ( in Metric Tons ) did India do in the Acetic Acid segment till March, 2016 ?",Quantity
"How much export ( in Metric Tons ) did India do in the Acetic Acid segment till March, 2017 ?",Quantity
"How much exports ( in Kilo Tons ) did India do in the Aluminium segment till March, 2018 ?",Quantity
"How much exports ( in Kilo Tons ) did India do in the Aluminium segment till March, 2017 ?",Quantity
"How much exports ( in Kilo Tons ) did India do in the Aluminium segment till March, 2018 ?",Quantity
"How much Exports ( in Units ) did India do in the Automobile segment till March, 2014 ?",Quantity
"How much Exports ( in Units ) did India do in the Automobile segment till March, 2015 ?",Quantity
"How much Exports ( in Units ) did India do in the Automobile segment till March, 2016 ?",Quantity
"How much Exports ( in Units ) did India do in the Automobile segment till March, 2017 ?",Quantity
"How much Exports ( in Metric Tons ) did India do in the Butadiene segment till March, 2014 ?",Quantity
"How much Exports ( in Metric Tons ) did India do in the Butadiene segment till March, 2015 ?",Quantity
"How much Exports ( in Metric Tons ) did India do in the Butadiene segment till March, 2016 ?",Quantity
"How much Exports ( in Metric Tons ) did India do in the Carbon Black segment till March, 2014 ?",Quantity
"How much Exports ( in Metric Tons ) did India do in the Carbon Black segment till March, 2015 ?",Quantity
"How much Exports ( in Metric Tons ) did India do in the Carbon Black segment till March, 2016 ?",Quantity
"How much Exports ( in Metric Tons ) did India do in the Carbon Black segment till March, 2017 ?",Quantity
In which year did the social media market size of United States reached 32486053470 United States Dollar ?,Year
In which year did the social media market size of United States reached 4544941630 United States Dollar ?,Year
In which year did the social media market size of United States reached 93746962040 United States Dollar ?,Year
When will Blockchain market is projected to reach 45769042090 United States Dollar ?,Year
When will Blockchain market is projected to reach 201064820 United States Dollar ?,Year
When will Blockchain market is projected to reach 282625960 United States Dollar ?,Year
When will Blockchain market is projected to reach 47362490 United States Dollar ?,Year
When will Cyber Security market is projected to reach 605012072680 United States Dollar ?,Year
When will Cyber Security market is projected to reach 142806484580 United States Dollar ?,Year
When will Cyber Security market is projected to reach 95024931420 United States Dollar ?,Year
When will Cyber Security market is projected to reach 994476722400 United States Dollar ?,Year
When will Cyber Security market is projected to reach 998163699300 United States Dollar ?,Year
When will Cyber Security market is projected to reach 99747902530 United States Dollar ?,Year
When will Cyber Security market is projected to reach 11538633350 United States Dollar ?,Year
When will Cyber Security market is projected to reach 17328177170 United States Dollar ?,Year
When will Glass Fiber market is projected to reach 4095745020 United States Dollar ?,Year
When will Glass Fiber market is projected to reach 19406125900 United States Dollar ?,Year
When will Glass Fiber market is projected to reach 2850931200 United States Dollar ?,Year
When will Glass Fiber market is projected to reach 7297657530 United States Dollar ?,Year
When will Hotels Average Daily Rate (ADR) is projected to reach 944 United States Dollar ?,Year
When will Hotels Average Daily Rate (ADR) is projected to reach 879 United States Dollar ?,Year
When will Hotels Average Daily Rate (ADR) is projected to reach 548 United States Dollar ?,Year
When will Hotels Average Daily Rate (ADR) is projected to reach 757 United States Dollar ?,Year
When will Hotels Revenue Per Available Room (RevPar) is projected to reach 31 United States Dollar ?,Year
When will Hotels Average Daily Rate (ADR) is projected to reach 190 United States Dollar ?,Year
In which year did the Internet Of Things market size of United States reached 794120750 United States Dollar ?,Year
In which year did the Internet Of Things market size of United States reached 948570830 United States Dollar ?,Year
In which year did the Internet Of Things market size of United States reached 305466270 United States Dollar ?,Year
In which year did the Internet Of Things market size of United States reached 905100570 United States Dollar ?,Year
In which year did the Internet Of Things market size of United States reached 359586960 United States Dollar ?,Year
In which year did the Internet Of Things market size of United States reached 22874710 United States Dollar ?,Year
In which year did the Internet Of Things market size of United States reached 455232715320 United States Dollar ?,Year
In which year did the Marketing Automation market size of United States reached 9423421150 United States Dollar ?,Year
In which year did the Marketing Automation market size of United States reached 8827061250 United States Dollar ?,Year
In which year did the Marketing Automation market size of United States reached 4733788740 United States Dollar ?,Year
In which year did the Marketing Automation market size of United States reached 635854620 United States Dollar ?,Year
In which year did the Paints and Coatings market size of United States reached 20686283850 United States Dollar ?,Year
In which year did the Paints and Coatings market size of United States reached 41182719240 United States Dollar ?,Year
In which year did the Paints and Coatings market size of United States reached 777163004840 United States Dollar ?,Year
In which year did the Paints and Coatings market size of United States reached 6085911690 United States Dollar ?,Year
In which year did the Paints and Coatings market size of United States reached 878682151720 United States Dollar ?,Year
In which year did the Paints and Coatings market size of United States reached 146232725960 United States Dollar ?,Year
In which year did the Paints and Coatings market size of United States reached 566406463090 United States Dollar ?,Year
In which year did the Paints and Coatings market size of United States reached 833371655220 United States Dollar ?,Year
In which year did the Travel and Tourism market size of United States reached 56749804708270 United States Dollar ?,Year
How many metric tons of Linear Low-Density Polyethylene was produced in India in FY 2015-2016 ?,Quantity
How many metric tons of Linear Low-Density Polyethylene was produced in India in FY 2014-2015 ?,Quantity
How many metric tons of Linear Low-Density Polyethylene was produced in India in FY 2016-2017 ?,Quantity
What was the total consumption ( in Metric Tons ) of Linear Low-Density Polyethylene in India in FY 2016-2017?,Quantity
What was the total consumption ( in Metric Tons ) of Linear Low-Density Polyethylene in India in FY 2015-2016?,Quantity
What was the total consumption ( in Metric Tons ) of Linear Low-Density Polyethylene in India in FY 2014-2015?,Quantity
How many metric tons of acetic acid was produced in India in FY 2014-2015 ?,Quantity
How many metric tons of acetic acid was produced in India in FY 2015-2016 ?,Quantity
How many metric tons of acetic acid was produced in India in FY 2016-2017 ?,Quantity
How many metric tons of Acetic Acid was consumed in India in FY 2014-2015 ?,Quantity
How many metric tons of Acetic Acid was consumed in India in FY 2015-2016 ?,Quantity
How many metric tons of Acetic Acid was consumed in India in FY 2016-2017 ?,Quantity
How many metric tons of Polyvinyl Chloride (PVC) was produced in India in FY 2014-2015 ?,Quantity
How many metric tons of Polyvinyl Chloride (PVC) was produced in India in FY 2015-2016 ?,Quantity
How many metric tons of Polyvinyl Chloride (PVC) was produced in India in FY 2016-2017 ?,Quantity
How many metric tons of Butadiene was produced in India in FY 2014-2015 ?,Quantity
How many metric tons of Butadiene was produced in India in FY 2015-2016 ?,Quantity
How many metric tons of Butadiene was consumed in India in FY 2014-2015 ?,Quantity
How many metric tons of Butadiene was consumed in India in FY 2015-2016 ?,Quantity
How many metric tons of Ethyl Acetate was produced in India in FY 2014-2015 ?,Quantity
How many metric tons of Ethyl Acetate was produced in India in FY 2015-2016 ?,Quantity
How many metric tons of Ethyl Acetate was produced in India in FY 2016-2017 ?,Quantity
How many metric tons of Ethyl Acetate was consumed in India in FY 2014-2015 ?,Quantity
How many metric tons of Ethyl Acetate was consumed in India in FY 2015-2016 ?,Quantity
How many metric tons of Ethyl Acetate was consumed in India in FY 2014-2015 ?,Quantity
How many metric tons of Carbon Black was produced in India in FY 2015-2016 ?,Quantity
How many metric tons of Carbon Black was consumed in India in FY 2014-2015 ?,Quantity
How many metric tons of Carbon Black was consumed in India in FY 2015-2016 ?,Quantity
How many metric tons of Chemical was produced in India in FY 2014-2015 ?,Quantity
How many metric tons of Chemical was produced in India in FY 2015-2016 ?,Quantity
How many metric tons of Chemical was produced in India in FY 2016-2017 ?,Quantity
How many metric tons of Crude Steel was produced in India in FY 2014-2015 ?,Quantity
How many metric tons of Crude Steel was produced in India in FY 2015-2016 ?,Quantity
How many metric tons of Crude Steel was produced in India in FY 2016-2017 ?,Quantity
How many metric tons of Crude Steel was consumed in India in FY 2014-2015 ?,Quantity
How many metric tons of Crude Steel was consumed in India in FY 2015-2016 ?,Quantity
How many metric tons of Crude Steel was consumed in India in FY 2016-2017 ?,Quantity
How many metric tons of Ethylene was produced in India in FY 2014-2015 ?,Quantity
How many metric tons of Ethylene was produced in India in FY 2015-2023 ?,Quantity
How many metric tons of Ethylene was produced in India in FY 2015-2016 ?,Quantity
How many metric tons of Ethylene was consumed in India in FY 2014-2015 ?,Quantity
How many metric tons of Ethylene was consumed in India in FY 2015-2016 ?,Quantity
How many metric tons of Ethylene was consumed in India in FY 2016-2017 ?,Quantity
How many metric tons of Ethylene Vinyl Acetate was produced in India in FY 2014-2015 ?,Quantity
How many metric tons of Ethylene Vinyl Acetate was produced in India in FY 2015-2016 ?,Quantity
How many metric tons of Ethylene Vinyl Acetate was produced in India in FY 2017-2018 ?,Quantity
How many metric tons of Ethylene Vinyl Acetate was consumed in India in FY 2014-2015 ?,Quantity
How many metric tons of Ethylene Vinyl Acetate was consumed in India in FY 2015-2016 ?,Quantity
How many metric tons of Ethylene Vinyl Acetate was consumed in India in FY 2016-2017 ?,Quantity
How many metric tons of High Density Polyethylene was produced in India in FY 2014-2015 ?,Quantity
How many metric tons of High Density Polyethylene was produced in India in FY 2015-2016 ?,Quantity
How many metric tons of High Density Polyethylene was produced in India in FY 2016-2017 ?,Quantity
How many metric tons of High Density Polyethylene was consumed in India in FY 2014-2015 ?,Quantity
How many metric tons of High Density Polyethylene was consumed in India in FY 2015-2016 ?,Quantity
How many metric tons of High Density Polyethylene was consumed in India in FY 2016-2017 ?,Quantity
How many metric tons of Low-Density Polyethylene was produced in India in FY 2014-2015 ?,Quantity
How many metric tons of Low-Density Polyethylene was produced in India in FY 2015-2016 ?,Quantity
How many metric tons of Low-Density Polyethylene was produced in India in FY 2016-2017 ?,Quantity
How many metric tons of Low-Density Polyethylene was consumed in India in FY 2014-2015 ?,Quantity
How many metric tons of Low-Density Polyethylene was consumed in India in FY 2015-2016 ?,Quantity
How many metric tons of Low-Density Polyethylene was consumed in India in FY 2016-2017 ?,Quantity
How many metric tons of Linear Low-Density Polyethylene was produced in India in FY 2014-2015 ?,Quantity
How many metric tons of Linear Low-Density Polyethylene was produced in India in FY 2015-2016 ?,Quantity
How many metric tons of Linear Low-Density Polyethylene was produced in India in FY 2016-2017 ?,Quantity
How many metric tons of Linear Low-Density Polyethylene was consumed in India in FY 2014-2015 ?,Quantity
How many metric tons of Linear Low-Density Polyethylene was consumed in India in FY 2015-2016 ?,Quantity
How many metric tons of Linear Low-Density Polyethylene was consumed in India in FY 2016-2017 ?,Quantity
How many metric tons of Plastics was produced in India in FY 2014-2015 ?,Quantity
How many metric tons of Plastics was produced in India in FY 2015-2016 ?,Quantity
How many metric tons of Plastics was produced in India in FY 2016-2017 ?,Quantity
How many metric tons of Polyvinyl Chloride ( PVC ) was produced in India in FY 2014-2015 ?,Quantity
How many metric tons of Polyvinyl Chloride ( PVC ) was produced in India in FY 2015-2016 ?,Quantity
How many metric tons of Polyvinyl Chloride ( PVC ) was produced in India in FY 2017-2018 ?,Quantity
How many metric tons of Polyvinyl Chloride ( PVC ) was consumed in India in FY 2014-2015 ?,Quantity
How many metric tons of Polyvinyl Chloride ( PVC ) was consumed in India in FY 2015-2016 ?,Quantity
How many metric tons of Polyvinyl Chloride ( PVC ) was consumed in India in FY 2016-2017 ?,Quantity
How many metric tons of Polymer was produced in India in FY 2014-2015 ?,Quantity
How many metric tons of Polymer was produced in India in FY 2015-2016 ?,Quantity
How many metric tons of Polymer was produced in India in FY 2016-2017 ?,Quantity
How many metric tons of Polymer was consumed in India in FY 2014-2015 ?,Quantity
How many metric tons of Polymer was consumed in India in FY 2015-2016 ?,Quantity
How many metric tons of Polymer was consumed in India in FY 2016-2017 ?,Quantity
How many metric tons of Polypropylene was produced in India in FY 2014-2015 ?,Quantity
How many metric tons of Polypropylene was produced in India in FY 2015-2016 ?,Quantity
How many metric tons of Polypropylene was produced in India in FY 2016-2017 ?,Quantity
How many metric tons of Polypropylene was consumed in India in FY 2014-2015 ?,Quantity
How many metric tons of Polypropylene was consumed in India in FY 2015-2016 ?,Quantity
How many metric tons of Polypropylene was consumed in India in FY 2016-2017 ?,Quantity
How many metric tons of Polystyrene was produced in India in FY 2014-2015 ?,Quantity
How many metric tons of Polystyrene was produced in India in FY 2015-2016 ?,Quantity
How many metric tons of Polystyrene was produced in India in FY 2016-2017 ?,Quantity
How many metric tons of Polystyrene was consumed in India in FY 2014-2015 ?,Quantity
How many metric tons of Polystyrene was consumed in India in FY 2015-2016 ?,Quantity
How many metric tons of Polystyrene was consumed in India in FY 2016-2017 ?,Quantity
How much Acetic Acid did India exports ( in United States Dollar ) in 2016 ?,Quantity
How much Acetic Acid did India imports ( in United States Dollar ) in 2015 ?,Quantity
How much Acetic Acid did India exports ( in United States Dollar ) in 2015 ?,Quantity
How much Acetic Acid did India imports ( in United States Dollar ) in 2017 ?,Quantity
How much Acetic Acid did India exports ( in United States Dollar ) in 2017 ?,Quantity
How much Acetic Acid did India imports ( in United States Dollar ) in 2016 ?,Quantity
How much Aluminium did India exports ( in Kilo Tons ) in 2018 ?,Quantity
How much Aluminium did India exports ( in Kilo Tons ) in 2017 ?,Quantity
How much Aluminium did India imports ( in Kilo Tons ) in 2017 ?,Quantity
How much Aluminium did India imports ( in Kilo Tons ) in 2018 ?,Quantity
How many Units of Butadiene did India exports in 2014 ?,Quantity
How many Units of Butadiene did India exports in 2015 ?,Quantity
How many Units of Butadiene did India exports in 2016 ?,Quantity
How many Units of Butadiene did India exports in 2017 ?,Quantity
How many Metric Tons of Carbon Black was consumed in India in 2014 ? ,Quantity
How many Metric Tons of Carbon Black was consumed in India in 2015 ?,Quantity
How many Metric Tons of Carbon Black was consumed in India in 2016 ?,Quantity
How many Metric Tons of Carbon Black was consumed in India in 2017 ?,Quantity
How many Metric Tons of Carbon Black was produced in India in 2014 ? ,Quantity
How many Metric Tons of Carbon Black was produced in India in 2015 ?,Quantity
How many Metric Tons of Carbon Black was produced in India in 2016 ?,Quantity
How many Metric Tons of Carbon Black was produced in India in 2017 ?,Quantity
How many Metric Tons of Carbon Black was exports to India in 2014 ? ,Quantity
How many Metric Tons of Carbon Black was exports to India in 2015 ?,Quantity
How many Metric Tons of Carbon Black was exports to India in 2016 ?,Quantity
How many Metric Tons of Carbon Black was exports to India in 2017 ?,Quantity
How many Metric Tons of Chemical was produced in India in 2014 ? ,Quantity
How many Metric Tons of Chemical was produced in India in 2015 ?,Quantity
How many Metric Tons of Chemical was produced in India in 2016 ?,Quantity
How many Metric Tons of Chemical was produced in India in 2017 ?,Quantity
How many Metric Tons of Chemical was exports to India in 2014 ? ,Quantity
How many Metric Tons of Chemical was exports to India in 2015 ?,Quantity
How many Metric Tons of Chemical was exports to India in 2016 ?,Quantity
How many Metric Tons of Chemical was exports to India in 2017 ?,Quantity
How many Metric Tons of Ethyl Acetate was consumed in India in 2014 ? ,Quantity
How many Metric Tons of Ethyl Acetate was consumed in India in 2015 ?,Quantity
How many Metric Tons of Ethyl Acetate was consumed in India in 2016 ?,Quantity
How many Metric Tons of Ethyl Acetate was consumed in India in 2017 ?,Quantity
How many Metric Tons of Ethyl Acetate was produced in India in 2014 ? ,Quantity
How many Metric Tons of Ethyl Acetate was produced in India in 2015 ?,Quantity
How many Metric Tons of Ethyl Acetate was produced in India in 2016 ?,Quantity
How many Metric Tons of Ethyl Acetate was produced in India in 2017 ?,Quantity
How many Metric Tons of Ethyl Acetate was exports to India in 2014 ? ,Quantity
How many Metric Tons of Ethyl Acetate was exports to India in 2015 ?,Quantity
How many Metric Tons of Ethyl Acetate was exports to India in 2016 ?,Quantity
How many Metric Tons of Ethyl Acetate was exports to India in 2017 ?,Quantity
How many Metric Tons of Ethyl Acetate was imports to India in 2014 ? ,Quantity
How many Metric Tons of Ethyl Acetate was imports to India in 2015 ?,Quantity
How many Metric Tons of Ethyl Acetate was imports to India in 2016 ?,Quantity
How many Metric Tons of Ethyl Acetate was imports to India in 2017 ?,Quantity
How many Metric Tons of Ethylene was consumed in India in 2014 ? ,Quantity
How many Metric Tons of Ethylene was consumed in India in 2015 ?,Quantity
How many Metric Tons of Ethylene was consumed in India in 2016 ?,Quantity
How many Metric Tons of Ethylene was consumed in India in 2017 ?,Quantity
How many Metric Tons of Ethylene was produced in India in 2014 ? ,Quantity
How many Metric Tons of Ethylene was produced in India in 2015 ?,Quantity
How many Metric Tons of Ethylene was produced in India in 2016 ?,Quantity
How many Metric Tons of Ethylene was produced in India in 2017 ?,Quantity
How many Metric Tons of Ethylene was imports to India in 2014 ? ,Quantity
How many Metric Tons of Ethylene was imports to India in 2015 ?,Quantity
How many Metric Tons of Ethylene was imports to India in 2016 ?,Quantity
How many Metric Tons of Ethylene was imports to India in 2017 ?,Quantity
How many Metric Tons of High Density Polyethylene was consumed in India in 2014 ? ,Quantity
How many Metric Tons of High Density Polyethylene was consumed in India in 2015 ?,Quantity
How many Metric Tons of High Density Polyethylene was consumed in India in 2016 ?,Quantity
How many Metric Tons of High Density Polyethylene was consumed in India in 2017 ?,Quantity
How many Metric Tons of High Density Polyethylene was produced in India in 2014 ? ,Quantity
How many Metric Tons of High Density Polyethylene was produced in India in 2015 ?,Quantity
How many Metric Tons of High Density Polyethylene was produced in India in 2016 ?,Quantity
How many Metric Tons of High Density Polyethylene was produced in India in 2017 ?,Quantity
How many Metric Tons of High Density Polyethylene was exports to India in 2014 ? ,Quantity
How many Metric Tons of High Density Polyethylene was exports to India in 2015 ?,Quantity
How many Metric Tons of High Density Polyethylene was exports to India in 2016 ?,Quantity
How many Metric Tons of High Density Polyethylene was exports to India in 2017 ?,Quantity
How many Metric Tons of High Density Polyethylene was imports to India in 2014 ? ,Quantity
How many Metric Tons of High Density Polyethylene was imports to India in 2015 ?,Quantity
How many Metric Tons of High Density Polyethylene was imports to India in 2016 ?,Quantity
How many Metric Tons of High Density Polyethylene was imports to India in 2017 ?,Quantity
How many Tons of Iron Ore was produced in India in 2014 ? ,Quantity
How many Tons of Iron Ore was produced in India in 2015 ?,Quantity
How many Tons of Iron Ore was produced in India in 2016 ?,Quantity
How many Tons of Iron Ore was produced in India in 2017 ?,Quantity
How many Tons of Iron Ore was exports to India in 2014 ? ,Quantity
How many Tons of Iron Ore was exports to India in 2015 ?,Quantity
How many Tons of Iron Ore was exports to India in 2016 ?,Quantity
How many Tons of Iron Ore was exports to India in 2017 ?,Quantity
How many Tons of Iron Ore was imports to India in 2014 ? ,Quantity
How many Tons of Iron Ore was imports to India in 2015 ?,Quantity
How many Tons of Iron Ore was imports to India in 2016 ?,Quantity
How many Tons of Iron Ore was imports to India in 2017 ?,Quantity
How many Iron Ore Pellets did India imports ( in Millions Tons ) in 2019 ?,Quantity
How many Metric Tons of Low-Density Polyethylene was consumed in India in 2014 ? ,Quantity
How many Metric Tons of Low-Density Polyethylene was consumed in India in 2015 ?,Quantity
How many Metric Tons of Low-Density Polyethylene was consumed in India in 2016 ?,Quantity
How many Metric Tons of Low-Density Polyethylene was consumed in India in 2017 ?,Quantity
How many Metric Tons of Low-Density Polyethylene was produced in India in 2014 ? ,Quantity
How many Metric Tons of Low-Density Polyethylene was produced in India in 2015 ?,Quantity
How many Metric Tons of Low-Density Polyethylene was produced in India in 2016 ?,Quantity
How many Metric Tons of Low-Density Polyethylene was produced in India in 2017 ?,Quantity
How many Metric Tons of Low-Density Polyethylene was exports to India in 2014 ? ,Quantity
How many Metric Tons of Low-Density Polyethylene was exports to India in 2015 ?,Quantity
How many Metric Tons of Low-Density Polyethylene was exports to India in 2016 ?,Quantity
How many Metric Tons of Low-Density Polyethylene was exports to India in 2017 ?,Quantity
How many Metric Tons of Low-Density Polyethylene was imports to India in 2014 ? ,Quantity
How many Metric Tons of Low-Density Polyethylene was imports to India in 2015 ?,Quantity
How many Metric Tons of Low-Density Polyethylene was imports to India in 2016 ?,Quantity
How many Metric Tons of Low-Density Polyethylene was imports to India in 2017 ?,Quantity
How many Pounds of Low-Density Polyethylene was consumed in India in 2015 ?,Quantity
How many Pounds of Low-Density Polyethylene was consumed in India in 2016 ?,Quantity
How many Pounds of Low-Density Polyethylene was produced in India in 2015 ?,Quantity
How many Pounds of Low-Density Polyethylene was produced in India in 2016 ?,Quantity
How many Metric Tons of Plastics was produced in India in 2014 ? ,Quantity
How many Metric Tons of Plastics was produced in India in 2015 ?,Quantity
How many Metric Tons of Plastics was produced in India in 2016 ?,Quantity
How many Metric Tons of Plastics was produced in India in 2017 ?,Quantity
How many Metric Tons of Plastics was exports to India in 2014 ? ,Quantity
How many Metric Tons of Plastics was exports to India in 2015 ?,Quantity
How many Metric Tons of Plastics was exports to India in 2016 ?,Quantity
How many Metric Tons of Plastics was exports to India in 2017 ?,Quantity
How many Metric Tons of Plastics was imports to India in 2014 ? ,Quantity
How many Metric Tons of Plastics was imports to India in 2015 ?,Quantity
How many Metric Tons of Plastics was imports to India in 2016 ?,Quantity
How many Metric Tons of Plastics was imports to India in 2017 ?,Quantity
How many Metric Tons of Polymer was consumed in India in 2014 ? ,Quantity
How many Metric Tons of Polymer was consumed in India in 2015 ?,Quantity
How many Metric Tons of Polymer was consumed in India in 2016 ?,Quantity
How many Metric Tons of Polymer was consumed in India in 2017 ?,Quantity
How many Metric Tons of Polymer was produced in India in 2014 ? ,Quantity
How many Metric Tons of Polymer was produced in India in 2015 ?,Quantity
How many Metric Tons of Polymer was produced in India in 2016 ?,Quantity
How many Metric Tons of Polymer was produced in India in 2017 ?,Quantity
How many Metric Tons of Polymer was exports to India in 2014 ? ,Quantity
How many Metric Tons of Polymer was exports to India in 2015 ?,Quantity
How many Metric Tons of Polymer was exports to India in 2016 ?,Quantity
How many Metric Tons of Polymer was exports to India in 2017 ?,Quantity
How many Metric Tons of Polymer was imports to India in 2014 ? ,Quantity
How many Metric Tons of Polymer was imports to India in 2015 ?,Quantity
How many Metric Tons of Polymer was imports to India in 2016 ?,Quantity
How many Metric Tons of Polymer was imports to India in 2017 ?,Quantity
How many Metric Tons of Polypropylene was consumed in India in 2014 ? ,Quantity
How many Metric Tons of Polypropylene was consumed in India in 2015 ?,Quantity
How many Metric Tons of Polypropylene was consumed in India in 2016 ?,Quantity
How many Metric Tons of Polypropylene was consumed in India in 2017 ?,Quantity
How many Metric Tons of Polypropylene was produced in India in 2014 ? ,Quantity
How many Metric Tons of Polypropylene was produced in India in 2015 ?,Quantity
How many Metric Tons of Polypropylene was produced in India in 2017 ?,Quantity
How many Metric Tons of Polypropylene was exports to India in 2014 ? ,Quantity
How many Metric Tons of Polypropylene was exports to India in 2015 ?,Quantity
How many Metric Tons of Polypropylene was exports to India in 2016 ?,Quantity
How many Metric Tons of Polypropylene was exports to India in 2017 ?,Quantity
How many Metric Tons of Polypropylene was imports to India in 2014 ? ,Quantity
How many Metric Tons of Polypropylene was imports to India in 2015 ?,Quantity
How many Metric Tons of Polypropylene was imports to India in 2016 ?,Quantity
How many Metric Tons of Polypropylene was imports to India in 2017 ?,Quantity
How many Million Metric Tons of Polypropylene was produced in India in 2022 ?,Quantity
How many Metric Tons of Polystyrene was consumed in India in 2014 ? ,Quantity
How many Metric Tons of Polystyrene was consumed in India in 2015 ?,Quantity
How many Metric Tons of Polystyrene was consumed in India in 2016 ?,Quantity
How many Metric Tons of Polystyrene was consumed in India in 2017 ?,Quantity
How many Metric Tons of Polystyrene was produced in India in 2014 ? ,Quantity
How many Metric Tons of Polystyrene was produced in India in 2015 ?,Quantity
How many Metric Tons of Polystyrene was produced in India in 2016 ?,Quantity
How many Metric Tons of Polystyrene was produced in India in 2017 ?,Quantity
How many Metric Tons of Polystyrene was exports to India in 2014 ? ,Quantity
How many Metric Tons of Polystyrene was exports to India in 2015 ?,Quantity
How many Metric Tons of Polystyrene was exports to India in 2016 ?,Quantity
How many Metric Tons of Polystyrene was exports to India in 2017 ?,Quantity
How many Metric Tons of Polystyrene was imports to India in 2014 ? ,Quantity
How many Metric Tons of Polystyrene was imports to India in 2015 ?,Quantity
How many Metric Tons of Polystyrene was imports to India in 2016 ?,Quantity
How many Metric Tons of Polystyrene was imports to India in 2017 ?,Quantity
How many Metric Tons of Polyvinyl Chloride (PVC) was consumed in India in 2014 ? ,Quantity
How many Metric Tons of Polyvinyl Chloride (PVC) was consumed in India in 2015 ?,Quantity
How many Metric Tons of Polyvinyl Chloride (PVC) was consumed in India in 2016 ?,Quantity
How many Metric Tons of Polyvinyl Chloride (PVC) was consumed in India in 2017 ?,Quantity
How many Metric Tons of Polyvinyl Chloride (PVC) was produced in India in 2014 ? ,Quantity
How many Metric Tons of Polyvinyl Chloride (PVC) was produced in India in 2015 ?,Quantity
How many Metric Tons of Polyvinyl Chloride (PVC) was produced in India in 2016 ?,Quantity
How many Metric Tons of Polyvinyl Chloride (PVC) was produced in India in 2017 ?,Quantity
How many Metric Tons of Polyvinyl Chloride (PVC) was exports to India in 2014 ? ,Quantity
How many Metric Tons of Polyvinyl Chloride (PVC) was exports to India in 2015 ?,Quantity
How many Metric Tons of Polyvinyl Chloride (PVC) was exports to India in 2016 ?,Quantity
How many Metric Tons of Polyvinyl Chloride (PVC) was exports to India in 2017 ?,Quantity
How many Metric Tons of Steel was produced in India in 2014 ? ,Quantity
How many Metric Tons of Steel was produced in India in 2015 ?,Quantity
How many Metric Tons of Steel was produced in India in 2016 ?,Quantity
How many Metric Tons of Styrene-Butadiene Rubber was consumed in India in 2014 ? ,Quantity
How many Metric Tons of Styrene-Butadiene Rubber was consumed in India in 2015 ?,Quantity
How many Metric Tons of Styrene-Butadiene Rubber was consumed in India in 2017 ?,Quantity
How many Metric Tons of Styrene-Butadiene Rubber was produced in India in 2014 ? ,Quantity
How many Metric Tons of Styrene-Butadiene Rubber was produced in India in 2015 ?,Quantity
How many Metric Tons of Styrene-Butadiene Rubber was produced in India in 2016 ?,Quantity
How many Metric Tons of Styrene-Butadiene Rubber was produced in India in 2017 ?,Quantity
How many Metric Tons of Styrene-Butadiene Rubber was exports to India in 2014 ? ,Quantity
How many Metric Tons of Styrene-Butadiene Rubber was exports to India in 2015 ?,Quantity
How many Metric Tons of Styrene-Butadiene Rubber was exports to India in 2016 ?,Quantity
How many Metric Tons of Styrene-Butadiene Rubber was exports to India in 2017 ?,Quantity
How many Metric Tons of Synthetic Rubber was consumed in India in 2014 ? ,Quantity
How many Metric Tons of Synthetic Rubber was consumed in India in 2015 ?,Quantity
How many Metric Tons of Synthetic Rubber was consumed in India in 2016 ?,Quantity
How many Metric Tons of Synthetic Rubber was consumed in India in 2017 ?,Quantity
How many Metric Tons of Synthetic Rubber was produced in India in 2014 ? ,Quantity
How many Metric Tons of Synthetic Rubber was produced in India in 2015 ?,Quantity
How many Metric Tons of Synthetic Rubber was produced in India in 2016 ?,Quantity
How many Metric Tons of Synthetic Rubber was produced in India in 2017 ?,Quantity
How many Metric Tons of Synthetic Rubber was exports to India in 2014 ? ,Quantity
How many Metric Tons of Synthetic Rubber was exports to India in 2015 ?,Quantity
How many Metric Tons of Synthetic Rubber was exports to India in 2016 ?,Quantity
How many Metric Tons of Synthetic Rubber was exports to India in 2017 ?,Quantity
How many Metric Tons of Synthetic Rubber was imports to India in 2014 ? ,Quantity
How many Metric Tons of Synthetic Rubber was imports to India in 2015 ?,Quantity
How many Metric Tons of Synthetic Rubber was imports to India in 2016 ?,Quantity
How many Metric Tons of Synthetic Rubber was imports to India in 2017 ?,Quantity
What is the value in United States Dollar for global beauty and personal care products market by 2025 ?,Money
What is the value in United States Dollar for Frac Sand market by 2023 ?,Money
What is the value in United States Dollar for Frac Sand market by 2022 ?,Money
What is the value in United States Dollar for global Linear Low-Density Polyethylene market by 2023 ?,Money
What is the value in United States Dollar for global Air Purifiers market by 2023 ?,Money
What is the value in United States Dollar for global Aluminium market by 2025 ?,Money
What is the value in United States Dollar for global Artificial Intelligence market by 2025 ?,Money
What is the value in United States Dollar for global Augmented Reality market by 2021 ?,Money
What is the value in United States Dollar for global Augmented Reality market by 2024 ?,Money
What is the value in United States Dollar for global Automotive Aftermarket  market by 2021 ?,Money
What is the value in United States Dollar for global Big Data  market by 2022 ?,Money
What is the value in United States Dollar for global Big Data  market by 2025 ?,Money
What is the value in United States Dollar for global Biopolymers  market by 2023 ?,Money
What is the value in United States Dollar for global Biopolymers  market by 2025 ?,Money
What is the value in United States Dollar for global Blockchain  market by 2023 ?,Money
What is the value in United States Dollar for global Business Process Management  market by 2026 ?,Money
What is the value in United States Dollar for global Business Process Management  market by 2026 ?,Money
What is the value in United States Dollar for global Calcium Carbonate market by 2025 ?,Money
What is the value in United States Dollar for global Calcium Carbonate market by 2023 ?,Money
What is the value in United States Dollar for global Carbon Black  market by 2026 ?,Money
What is the value in United States Dollar for global Carbon Black  market by 2022 ?,Money
What is the value in United States Dollar for global Cast Elastomers  market by 2024 ?,Money
What is the value in United States Dollar for Cast Polymers  market by 2023 ?,Money
What is the value in United States Dollar for global Cement  market by 2024 ?,Money
What is the value in United States Dollar for global Construction Adhesives market by 2025 ?,Money
What is the value in United States Dollar for Construction Equipment  market by 2025 ?,Money
What is the value in United States Dollar for Consumer Durables  market by 2020 ?,Money
What is the value in United States Dollar for Consumer Electronics  market by 2022 ?,Money
What is the value in United States Dollar for Cosmeceutical and Cosmetics and Personal Care  market by 2022 ?,Money
What is the value in United States Dollar for Cyber Security  market by 2025 ?,Money
What is the value in United States Dollar for Data Acquisition  market by 2020 ?,Money
What is the value in United States Dollar for Data Integration  market by 2026 ?,Money
What is the value in United States Dollar for Data Management  market by 2026 ?,Money
What is the value in United States Dollar for Desktop Virtualization  market by 2023 ?,Money
What is the value in United States Dollar for Desktop Virtualization  market by 2024 ?,Money
What is the value in United States Dollar for Digital Lending  market by 2023 ?,Money
What is the value in United States Dollar for Digital Payment  market by 2026 ?,Money
What is the value in United States Dollar for Elastomers market by 2025 ?,Money
What is the value in United States Dollar for Electrical Equipment  market by 2020 ?,Money
What is the value in United States Dollar for Enterprise Data Management  market by 2023 ?,Money
What is the value in United States Dollar for Epoxy Resin  market by 2021 ?,Money
What is the value in United States Dollar for Waterborne Epoxy Resin  market by 2023 ?,Money
What is the value in United States Dollar for Ethylene  market by 2026 ?,Money
What is the value in United States Dollar for Ethylene Vinyl Acetate  market by 2023 ?,Money
What is the value in United States Dollar for Food Processing  market by 2020 ?,Money
What is the value in United States Dollar for Food Retail  market by 2023 ?,Money
What is the value in United States Dollar for Fumed Silica  market by 2023 ?,Money
What is the value in United States Dollar for Gelcoat  market by 2020 ?,Money
What is the value in United States Dollar for Gems and Jewellery  market by 2025 ?,Money
What is the value in United States Dollar for Glass Fiber  market by 2024 ?,Money
What is the value in United States Dollar for Glass Fiber Reinforcement Materials  market by 2022 ?,Money
What is the value in United States Dollar for Healthcare market by 2022 ?,Money
What is the value in United States Dollar for High Density Polyethylene  market by 2023 ?,Money
What is the value in United States Dollar for Industrial Rubber  market by 2026 ?,Money
What is the value in United States Dollar for Information Technology  market by 2019 ?,Money
What is the value in United States Dollar for Insulation  market by 2024 ?,Money
What is the value in United States Dollar for Internet Of Things  market by 2021 ?,Money
What is the value in United States Dollar for Internet Of Things  market by 2023 ?,Money
What is the value in United States Dollar for IT & BPM  market by 2025 ?,Money
What is the value in United States Dollar for IT & ITES  market by 2018 ?,Money
What is the value in United States Dollar for Sack Kraft Paper  market by 2023 ?,Money
What is the value in United States Dollar for Liquid Silicone Rubber  market by 2026 ?,Money
What is the value in United States Dollar for Lithium-ion Battery market by 2023 ?,Money
What is the value in United States Dollar for Luxury Hotel Battery market by 2025 ?,Money
What is the value in United States Dollar for Marketing Automation  market by 2023 ?,Money
What is the value in United States Dollar for Media and Entertainment  market by 2023 ?,Money
What is the value in United States Dollar for Mica  market by 2026 ?,Money
What is the value in United States Dollar for Polyvinyl alcohol (PVA)  market by 2025 ?,Money
What is the value in United States Dollar for Polyvinyl butyral (PVB)  market by 2024 ?,Money
What is the value in United States Dollar for Predictive Analytics  market by 2020 ?,Money
What is the value in United States Dollar for Propane  market by 2024 ?,Money
What is the value in United States Dollar for Real Estate  market by 2020 ?,Money
What is the value in United States Dollar for Renewable Energy market by 2025 ?,Money
What is the value in United States Dollar for Retail market by 2023 ?,Money
What is the value in United States Dollar for Roofing  market by 2026 ?,Money
What is the value in United States Dollar for Silica  market by 2025 ?,Money
What is the value in United States Dollar for Silicone Additives market by 2023 ?,Money
What is the value in United States Dollar for Silicones market by 2025 ?,Money
What is the value in United States Dollar for Silicones market by 2022 ?,Money
What is the value in United States Dollar for Soda Ash market by 2019 ?,Money
What is the value in United States Dollar for Software Product market by 2025 ?,Money
What is the value in United States Dollar for Software Products and Engineering Services market by 2018 ?,Money
What is the value in United States Dollar for Software-Defined Networking market by 2023 ?,Money
What is the value in United States Dollar for Steel market by 2025 ?,Money
What is the value in United States Dollar for Super Absorbent Polymer market by 2025 ?,Money
What is the value in United States Dollar for Telecommunications Equipment market by 2020 ?,Money
What is the value in United States Dollar for Timeshare market by 2025 ?,Money
What is the value in United States Dollar for Textile market by 2021 ?,Money
What is the value in United States Dollar for Textile  market by 2025 ?,Money
What is the value in United States Dollar for Travel and Tourism  market by 2025 ?,Money
What is the value in United States Dollar for Vinyl Acetate  market by 2021 ?,Money
What is the value in United States Dollar for Monomer  market by 2025 ?,Money
What is the value in United States Dollar for Virtual Reality  market by 2023 ?,Money
What is the value in United States Dollar for Virtual Reality by 2022 ?,Money
What is the value in United States Dollar for Vacation Rental  market by 2019 ?,Money
What is the value in United States Dollar for Vacation Rental  market by 2020 ?,Money
What is the value in United States Dollar for Vacation Rental  market by 2021 ?,Money